Date,mu,sigma
2020-01-02,-12.424986,1.9714168
2020-01-03,-12.329937,2.0953405
2020-01-06,-12.057754,1.9901283
2020-01-07,-12.133922,2.021326
2020-01-08,-12.756931,2.4042687
2020-01-09,-12.408196,2.001904
2020-01-10,-12.281948,2.032762
2020-01-13,-12.0634365,2.0561547
2020-01-14,-12.143116,1.9849902
2020-01-15,-12.869687,2.429573
2020-01-16,-12.574776,1.9684547
2020-01-17,-12.360472,2.092224
2020-01-21,-12.232769,2.1803734
2020-01-22,-12.135408,1.9184328
2020-01-23,-12.735992,2.2995706
2020-01-24,-12.673571,1.9779682
2020-01-27,-12.3721695,2.093823
2020-01-28,-12.2080345,2.0841546
2020-01-29,-12.203578,1.9015709
2020-01-30,-12.601706,2.2160807
2020-01-31,-12.560464,1.8852686
2020-02-03,-12.375521,2.0815053
2020-02-04,-12.131998,1.9719032
2020-02-05,-12.085272,1.9350681
2020-02-06,-12.514886,2.4220958
2020-02-07,-12.535749,1.9213336
2020-02-10,-12.149372,1.9937834
2020-02-11,-12.05696,2.0436258
2020-02-12,-11.960339,1.959495
2020-02-13,-12.38113,2.3742712
2020-02-14,-12.359506,1.9987359
2020-02-18,-12.181066,1.9712617
2020-02-19,-12.061651,2.0168898
2020-02-20,-11.982574,2.0543718
2020-02-21,-12.310291,2.3294063
2020-02-24,-12.280826,1.9745957
2020-02-25,-12.063346,1.9215593
2020-02-26,-12.038335,2.019988
2020-02-27,-11.678805,1.9958552
2020-02-28,-12.010215,2.3092868
2020-03-02,-12.218445,1.9810344
2020-03-03,-12.02195,1.980633
2020-03-04,-11.638414,2.0721097
2020-03-05,-11.410232,2.1244988
2020-03-06,-11.579866,2.2476258
2020-03-09,-12.016746,2.0578237
2020-03-10,-11.647774,1.9772149
2020-03-11,-10.918977,2.033852
2020-03-12,-11.11623,2.231871
2020-03-13,-11.276829,2.135802
2020-03-16,-11.097071,2.257236
2020-03-17,-11.316905,2.0708563
2020-03-18,-10.646519,1.9869624
2020-03-19,-10.941376,2.2536948
2020-03-20,-10.904874,2.1397645
2020-03-23,-10.70582,2.2751715
2020-03-24,-10.946278,2.1646266
2020-03-25,-10.697182,2.1369104
2020-03-26,-10.871851,2.306976
2020-03-27,-10.907341,2.2810395
2020-03-30,-10.723397,2.34266
2020-03-31,-10.705667,2.1070561
2020-04-01,-10.609602,2.2342637
2020-04-02,-10.844252,2.285807
2020-04-03,-10.91121,2.19821
2020-04-06,-10.685286,2.3086061
2020-04-07,-10.69945,2.1453729
2020-04-08,-10.701926,2.3049233
2020-04-09,-10.841528,2.2762458
2020-04-10,-10.984324,2.1986532
2020-04-13,-10.782351,2.343466
2020-04-14,-10.705126,2.1141202
2020-04-15,-10.691373,2.3341434
2020-04-16,-10.844963,2.2415013
2020-04-17,-10.988165,2.1800344
2020-04-20,-10.813318,2.3473234
2020-04-21,-10.737445,2.1444762
2020-04-22,-10.741032,2.299712
2020-04-23,-10.856906,2.2567587
2020-04-24,-10.935592,2.1969194
2020-04-27,-10.816425,2.3687108
2020-04-28,-10.682503,2.1714423
2020-04-29,-10.824515,2.3234355
2020-04-30,-10.876663,2.254271
2020-05-01,-11.025639,2.2318385
2020-05-04,-10.83269,2.3689008
2020-05-05,-10.707405,2.1875727
2020-05-06,-10.88947,2.3526516
2020-05-07,-10.846235,2.23235
2020-05-08,-11.010701,2.237195
2020-05-11,-10.909426,2.3923204
2020-05-12,-10.725682,2.1661344
2020-05-13,-10.976499,2.3506567
2020-05-14,-10.904297,2.2439935
2020-05-15,-11.08918,2.2568521
2020-05-18,-10.957088,2.3872373
2020-05-19,-10.818428,2.1219912
2020-05-20,-11.059452,2.360299
2020-05-21,-10.903149,2.213093
2020-05-22,-11.105467,2.2109313
2020-05-26,-10.9966755,2.3793662
2020-05-27,-10.850197,2.1596591
2020-05-28,-11.142262,2.3683448
2020-05-29,-10.852086,2.2584026
2020-06-01,-11.1702585,2.244922
2020-06-02,-11.043054,2.4296458
2020-06-03,-10.9019,2.1935856
2020-06-04,-11.147801,2.3646467
2020-06-05,-10.980643,2.2443073
2020-06-08,-11.06533,2.2796946
2020-06-09,-10.97074,2.3840227
2020-06-10,-10.847155,2.2163055
2020-06-11,-11.19707,2.3603358
2020-06-12,-10.976557,2.2333715
2020-06-15,-11.014528,2.3191748
2020-06-16,-10.9715185,2.3373637
2020-06-17,-10.839924,2.2230408
2020-06-18,-11.180248,2.3705363
2020-06-19,-10.966396,2.2249794
2020-06-22,-11.041223,2.3245752
2020-06-23,-11.039405,2.3068058
2020-06-24,-10.983399,2.2537987
2020-06-25,-11.093101,2.3306582
2020-06-26,-10.908889,2.204999
2020-06-29,-10.925791,2.3323722
2020-06-30,-11.07985,2.2946768
2020-07-01,-11.041958,2.2938554
2020-07-02,-11.088123,2.31511
2020-07-06,-11.085275,2.2475772
2020-07-07,-11.081654,2.434135
2020-07-08,-11.029056,2.1950245
2020-07-09,-11.0162,2.255294
2020-07-10,-11.1102705,2.3262792
2020-07-13,-11.1036,2.2572465
2020-07-14,-11.128448,2.446316
2020-07-15,-11.059123,2.167127
2020-07-16,-10.902859,2.2549038
2020-07-17,-11.0950165,2.3162317
2020-07-20,-11.159226,2.2525992
2020-07-21,-11.0302,2.4115782
2020-07-22,-11.041842,2.1631649
2020-07-23,-10.939781,2.3060284
2020-07-24,-11.132364,2.2713666
2020-07-27,-11.100565,2.2310214
2020-07-28,-11.035595,2.3790648
2020-07-29,-11.043716,2.1997905
2020-07-30,-10.902713,2.2572398
2020-07-31,-11.116391,2.2305803
2020-08-03,-10.95307,2.2577744
2020-08-04,-10.954385,2.3302803
2020-08-05,-10.947417,2.1837494
2020-08-06,-10.883952,2.2989476
2020-08-07,-11.059179,2.213186
2020-08-10,-10.994051,2.2978323
2020-08-11,-11.064737,2.3366802
2020-08-12,-10.933064,2.2145073
2020-08-13,-10.891244,2.3134596
2020-08-14,-11.152732,2.2213335
2020-08-17,-11.139977,2.3525786
2020-08-18,-11.139348,2.3061097
2020-08-19,-10.976281,2.2339575
2020-08-20,-10.804181,2.2801588
2020-08-21,-11.221561,2.2151046
2020-08-24,-11.224524,2.4013565
2020-08-25,-11.24554,2.268081
2020-08-26,-11.056364,2.2579894
2020-08-27,-10.916892,2.3027854
2020-08-28,-11.235886,2.2092042
2020-08-31,-11.306593,2.399196
2020-09-01,-11.294222,2.2610931
2020-09-02,-11.223655,2.2965863
2020-09-03,-11.101725,2.3380773
2020-09-04,-11.275866,2.1760652
2020-09-08,-11.363596,2.431046
2020-09-09,-11.323671,2.2626045
2020-09-10,-11.310484,2.3503647
2020-09-11,-11.227666,2.299136
2020-09-14,-11.285206,2.1346316
2020-09-15,-11.318021,2.4187815
2020-09-16,-11.527914,2.3421872
2020-09-17,-11.560597,2.3416774
2020-09-18,-11.293331,2.214497
2020-09-21,-11.280175,2.194716
2020-09-22,-11.363932,2.3561456
2020-09-23,-11.43752,2.336457
2020-09-24,-11.430568,2.2558167
2020-09-25,-11.21205,2.2457652
2020-09-28,-11.129624,2.2039156
2020-09-29,-11.360602,2.3200314
2020-09-30,-11.425326,2.3491817
2020-10-01,-11.435327,2.3552916
2020-10-02,-11.353306,2.228553
2020-10-05,-11.201384,2.2209594
2020-10-06,-11.519693,2.361692
2020-10-07,-11.482107,2.308834
2020-10-08,-11.385576,2.2405074
2020-10-09,-11.41475,2.2445192
2020-10-13,-11.2758465,2.3352451
2020-10-14,-11.330669,2.2847128
2020-10-15,-11.377748,2.321045
2020-10-16,-11.174368,2.2498891
2020-10-19,-11.357853,2.2977111
2020-10-20,-11.201674,2.3602018
2020-10-21,-11.342077,2.3309226
2020-10-22,-11.302843,2.3583326
2020-10-23,-11.12593,2.2313027
2020-10-26,-11.366757,2.2580204
2020-10-27,-11.246152,2.356261
2020-10-28,-11.097715,2.2340205
2020-10-29,-11.085075,2.3060987
2020-10-30,-11.132042,2.2230134
2020-11-02,-11.1678705,2.2796395
2020-11-03,-11.151027,2.384011
2020-11-04,-10.998646,2.262334
2020-11-05,-11.138662,2.3423696
2020-11-06,-11.11946,2.2372434
2020-11-09,-11.20633,2.3279555
2020-11-10,-11.271979,2.353208
2020-11-12,-11.051654,2.3322332
2020-11-13,-10.954623,2.255948
2020-11-16,-11.076191,2.2399
2020-11-17,-11.26038,2.3886905
2020-11-18,-11.269711,2.3325753
2020-11-19,-10.954561,2.3840926
2020-11-20,-11.083506,2.2224734
2020-11-23,-11.186643,2.2987027
2020-11-24,-11.367396,2.403528
2020-11-25,-11.6086235,2.3621418
2020-11-30,-11.119604,2.4096904
2020-12-01,-11.207347,2.2087226
2020-12-02,-11.300129,2.2764485
2020-12-03,-11.454844,2.4363275
2020-12-04,-11.635334,2.4019747
2020-12-07,-11.262792,2.5037832
2020-12-08,-11.229838,2.1451707
2020-12-09,-11.50942,2.363237
2020-12-10,-11.532473,2.3393357
2020-12-11,-11.468259,2.2606986
2020-12-14,-11.369708,2.556953
2020-12-15,-11.078363,2.0981047
2020-12-16,-11.592316,2.4074554
2020-12-17,-11.432878,2.3938801
2020-12-18,-11.557847,2.1980374
2020-12-21,-11.511686,2.5523455
2020-12-22,-10.961867,2.008139
2020-12-23,-11.55231,2.4046173
2020-12-28,-11.566301,2.463253
2020-12-29,-11.52087,2.2219596
2020-12-30,-11.57684,2.6032999
2020-12-31,-11.022014,2.063237
2021-01-04,-11.566016,2.4316702
2021-01-05,-11.722201,2.573103
2021-01-06,-11.569029,2.2167225
2021-01-07,-11.803192,2.5533657
2021-01-08,-11.092126,1.9516774
2021-01-11,-11.491583,2.4493318
2021-01-12,-11.517004,2.4519444
2021-01-13,-11.436534,2.3229444
2021-01-14,-11.960959,2.431448
2021-01-15,-11.427171,2.002027
2021-01-19,-11.597678,2.4630356
2021-01-21,-11.511107,2.3663557
2021-01-22,-11.37325,2.3641927
2021-01-25,-11.927633,2.4890478
2021-01-26,-11.244266,1.9770293
2021-01-27,-11.623628,2.4580452
2021-01-28,-11.427823,2.3554807
2021-01-29,-11.143951,2.3784268
2021-02-01,-11.866919,2.4550548
2021-02-02,-11.091225,1.9079161
2021-02-03,-11.560014,2.400797
2021-02-04,-11.322477,2.3311586
2021-02-05,-11.13258,2.263216
2021-02-08,-11.582245,2.4652345
2021-02-09,-11.225311,2.0164008
2021-02-10,-11.362912,2.3567426
2021-02-11,-11.152038,2.4708188
2021-02-12,-11.216651,2.2668667
2021-02-16,-11.428151,2.5572908
2021-02-17,-11.394982,2.0730813
2021-02-18,-11.306129,2.314773
2021-02-19,-11.122117,2.37632
2021-02-22,-11.125238,2.3735213
2021-02-23,-11.158161,2.5136042
2021-02-24,-11.548429,2.1545668
2021-02-25,-11.358061,2.344249
2021-02-26,-11.086801,2.2421086
2021-03-01,-10.906601,2.413266
2021-03-02,-10.979894,2.4205234
2021-03-03,-11.275786,2.116691
2021-03-04,-11.268212,2.3771584
2021-03-05,-10.9213085,2.1658905
2021-03-08,-11.047217,2.3477404
2021-03-09,-10.666781,2.3399355
2021-03-10,-11.130546,2.2373435
2021-03-11,-11.303042,2.42977
2021-03-12,-11.187374,2.2309144
2021-03-15,-10.976647,2.3312054
2021-03-16,-10.617454,2.3158035
2021-03-17,-11.07763,2.3751297
2021-03-18,-11.270389,2.4405665
2021-03-19,-11.215791,2.235272
2021-03-22,-11.066546,2.3473198
2021-03-23,-10.62613,2.2559533
2021-03-24,-11.245505,2.4358547
2021-03-25,-11.19536,2.4041262
2021-03-26,-11.200548,2.1898441
2021-03-29,-11.078942,2.3751664
2021-03-30,-10.660687,2.1912453
2021-03-31,-11.423573,2.474305
2021-04-01,-11.187117,2.4736307
2021-04-02,-11.330016,2.184844
2021-04-05,-11.08931,2.4531326
2021-04-06,-10.689629,2.088794
2021-04-07,-11.54831,2.5167212
2021-04-08,-11.096228,2.4083433
2021-04-09,-11.389082,2.1143472
2021-04-12,-11.188668,2.443717
2021-04-13,-10.655959,2.0399435
2021-04-14,-11.515877,2.5370183
2021-04-15,-11.229093,2.4032238
2021-04-16,-11.466115,2.1697547
2021-04-19,-11.347604,2.503989
2021-04-20,-10.855897,1.9953104
2021-04-21,-11.704508,2.5951476
2021-04-22,-11.307737,2.3102012
2021-04-23,-11.5827875,2.170896
2021-04-26,-11.941076,2.6193879
2021-04-27,-10.947204,1.9302593
2021-04-28,-11.931004,2.6091743
2021-04-29,-11.822111,2.318019
2021-04-30,-11.785658,2.1172125
2021-05-03,-12.028238,2.629623
2021-05-04,-11.528786,1.9333689
2021-05-05,-12.28849,2.493039
2021-05-06,-11.978582,2.2209847
2021-05-07,-11.807175,2.1074233
2021-05-10,-12.343,2.6507938
2021-05-11,-12.0584545,2.0103054
2021-05-12,-12.213067,2.3266559
2021-05-13,-12.050926,2.0852659
2021-05-14,-11.8561325,2.1512063
2021-05-17,-12.282708,2.4896595
2021-05-18,-12.099716,2.0530126
2021-05-19,-12.218475,2.2392678
2021-05-20,-12.214993,2.119528
2021-05-21,-12.04416,2.1589863
2021-05-24,-12.3372345,2.3528697
2021-05-25,-12.183052,2.1056178
2021-05-26,-12.280808,2.1605356
2021-05-27,-12.146349,2.050687
2021-05-28,-12.097404,2.1346936
2021-06-01,-12.531183,2.3590488
2021-06-02,-12.134022,2.1248486
2021-06-03,-12.291205,2.10071
2021-06-04,-12.398558,2.0959394
2021-06-07,-12.148412,2.1842146
2021-06-08,-12.4756775,2.3114374
2021-06-09,-12.26991,2.104585
2021-06-10,-12.223134,2.1062238
2021-06-11,-12.426773,2.0910318
2021-06-14,-12.293171,2.1298547
2021-06-15,-12.307848,2.2606306
2021-06-16,-12.262768,2.2045527
2021-06-17,-12.023038,2.0336347
2021-06-18,-12.173913,2.032153
2021-06-21,-12.154834,2.1479545
2021-06-22,-11.910607,2.1917272
2021-06-23,-11.810333,2.3683157
2021-06-24,-11.811352,2.1479323
2021-06-25,-11.968098,2.0752704
2021-06-28,-12.035009,2.1513789
2021-06-29,-11.882849,2.1971936
2021-06-30,-11.68403,2.4131768
2021-07-01,-11.707184,2.1562986
2021-07-02,-11.806839,2.1255143
2021-07-06,-11.972422,2.1214359
2021-07-07,-11.600877,2.013827
2021-07-08,-11.33178,2.2752018
2021-07-09,-11.593912,2.2243557
2021-07-12,-11.879153,2.2061186
2021-07-13,-11.807002,2.0109148
2021-07-14,-11.494289,1.9607098
2021-07-15,-11.431999,2.2736163
2021-07-16,-11.488182,2.331159
2021-07-19,-11.8984785,2.1989071
2021-07-20,-11.603049,1.9819201
2021-07-21,-11.279894,1.9686323
2021-07-22,-11.329557,2.2000308
2021-07-23,-11.379874,2.2676234
2021-07-26,-11.674837,2.2724884
2021-07-27,-11.382014,2.001135
2021-07-28,-10.954863,1.8398603
2021-07-29,-11.319941,2.2154472
2021-07-30,-11.40896,2.2810702
2021-08-02,-11.561103,2.3062165
2021-08-03,-11.46515,1.9508543
2021-08-04,-11.508864,2.0164301
2021-08-05,-11.242718,2.2138114
2021-08-06,-11.357754,2.3192472
2021-08-09,-11.610739,2.2474961
2021-08-10,-11.179913,1.9988635
2021-08-11,-11.786514,2.0036473
2021-08-12,-11.277868,2.26334
2021-08-13,-11.395981,2.2589333
2021-08-16,-11.944118,2.3025873
2021-08-17,-11.486313,1.9745103
2021-08-18,-12.031358,2.0119708
2021-08-19,-11.360014,2.214565
2021-08-20,-11.539856,2.1741607
2021-08-23,-11.901938,2.1947453
2021-08-24,-11.105838,1.9284214
2021-08-25,-12.044971,2.137355
2021-08-26,-11.291633,2.3089437
2021-08-27,-11.57388,2.1673422
2021-08-30,-11.988602,2.1622093
2021-08-31,-11.200157,1.9674783
2021-09-01,-12.166984,2.1847389
2021-09-02,-11.594121,2.26717
2021-09-03,-11.65966,2.1989455
2021-09-07,-11.993154,2.100493
2021-09-08,-11.505974,2.0101652
2021-09-09,-12.124723,2.160546
2021-09-10,-11.587006,2.3241217
2021-09-13,-11.818229,2.1546297
2021-09-14,-12.0749035,2.0604765
2021-09-15,-11.697696,2.0683916
2021-09-16,-12.30462,2.1552458
2021-09-17,-11.949903,2.2233496
2021-09-20,-12.035248,2.1291575
2021-09-21,-12.061373,1.9822884
2021-09-22,-11.763377,2.0023384
2021-09-23,-12.308598,2.11367
2021-09-24,-11.902788,2.191584
2021-09-27,-11.900709,2.0185618
2021-09-28,-11.999004,1.9467739
2021-09-29,-11.798529,2.0395048
2021-09-30,-12.085433,2.0845282
2021-10-01,-11.976847,2.2198303
2021-10-04,-11.992335,2.012294
2021-10-05,-12.050038,2.0046585
2021-10-06,-11.845251,2.0377247
2021-10-07,-12.023055,2.1417663
2021-10-08,-11.923827,2.1377776
2021-10-12,-12.087645,2.0418854
2021-10-13,-11.998823,2.0282881
2021-10-14,-11.781087,2.2190583
2021-10-15,-12.142606,2.2264674
2021-10-18,-12.1040535,2.1433082
2021-10-19,-12.1828165,2.1423018
2021-10-20,-12.182312,2.1258688
2021-10-21,-12.03413,2.2272804
2021-10-22,-12.174566,2.055017
2021-10-25,-12.203795,2.1373785
2021-10-26,-12.277897,2.2115736
2021-10-27,-12.295558,2.1268156
2021-10-28,-12.030266,2.1602745
2021-10-29,-12.125531,2.0113149
2021-11-01,-12.249187,2.146416
2021-11-02,-12.156609,2.1791143
2021-11-03,-12.11008,2.1243887
2021-11-04,-11.9988575,2.1200647
2021-11-05,-12.130934,1.9937929
2021-11-08,-12.632069,2.2940867
2021-11-09,-11.982895,2.0738895
2021-11-10,-12.071631,2.2496827
2021-11-12,-11.997566,2.134938
2021-11-15,-11.943499,2.0242846
2021-11-16,-12.154929,2.4779131
2021-11-17,-11.650819,2.1332848
2021-11-18,-11.939051,2.6220949
2021-11-19,-11.707267,2.0735586
2021-11-22,-11.595358,2.100735
2021-11-23,-12.0906925,2.4148512
2021-11-24,-11.448263,2.1525111
2021-11-26,-11.0070915,2.5271735
2021-11-29,-11.376054,2.2002747
2021-11-30,-11.18251,2.079835
2021-12-01,-11.472969,2.312513
2021-12-02,-11.148718,2.2161794
2021-12-03,-10.859622,2.370222
2021-12-06,-11.151171,2.1872544
2021-12-07,-10.989047,2.1066504
2021-12-08,-11.535141,2.3245203
2021-12-09,-11.118762,2.2389245
2021-12-10,-11.02575,2.2961779
2021-12-13,-11.191669,2.1374094
2021-12-14,-10.883225,2.0590174
2021-12-15,-11.44401,2.3103113
2021-12-16,-10.827913,2.137844
2021-12-17,-10.801254,2.2204263
2021-12-20,-11.030796,2.2448447
2021-12-21,-10.777946,2.120027
2021-12-22,-11.4140215,2.3821688
2021-12-23,-10.655971,2.2358372
2021-12-27,-10.7266035,2.2073739
2021-12-28,-10.898405,2.236531
2021-12-29,-11.016177,2.2310193
2021-12-30,-11.379936,2.254145
2022-01-03,-10.677616,2.2301745
2022-01-04,-11.015955,2.2900789
2022-01-05,-10.814081,2.254058
2022-01-06,-11.010783,2.3535237
2022-01-07,-11.341983,2.227282
2022-01-10,-10.736287,2.3844225
2022-01-11,-10.979944,2.3141742
2022-01-12,-10.932501,2.3361583
2022-01-13,-10.914879,2.4919748
2022-01-14,-11.394881,2.2916546
2022-01-18,-11.195742,2.5347512
2022-01-19,-11.140518,2.1759274
2022-01-20,-11.03524,2.5654023
2022-01-21,-11.123873,2.5686395
2022-01-24,-11.494744,2.3510172
2022-01-25,-11.5502205,2.5371525
2022-01-26,-11.507588,2.1787138
2022-01-27,-11.063665,2.4182217
2022-01-28,-11.482705,2.3834145
2022-01-31,-11.72828,2.3527648
2022-02-01,-12.057526,2.3672335
2022-02-02,-11.9127445,2.392512
2022-02-03,-11.320678,2.590725
2022-02-04,-11.576921,2.206378
2022-02-07,-11.690744,2.239585
2022-02-08,-12.296444,2.340385
2022-02-09,-12.071191,2.3253138
2022-02-10,-11.401715,2.86449
2022-02-11,-11.8201275,2.1906765
2022-02-14,-11.982111,2.2010713
2022-02-15,-12.782157,2.2144608
2022-02-16,-12.518162,2.3568437
2022-02-17,-11.921791,2.4552479
2022-02-18,-11.990186,2.1530972
2022-02-22,-12.19841,2.1620314
2022-02-23,-12.757448,2.0492816
2022-02-24,-12.803885,2.3989336
2022-02-25,-12.157152,2.2422676
2022-02-28,-11.936046,2.0654774
2022-03-01,-12.206313,2.203922
2022-03-02,-12.567685,2.0266087
2022-03-03,-12.6078415,2.2454753
2022-03-04,-12.279943,2.379619
2022-03-07,-12.138908,2.0810323
2022-03-08,-12.201805,2.1855547
2022-03-09,-12.23908,1.97312
2022-03-10,-12.37039,2.2703702
2022-03-11,-11.9300585,2.5827482
2022-03-14,-12.041538,2.0509434
2022-03-15,-12.023134,2.1717
2022-03-16,-11.89256,1.9553952
2022-03-17,-12.246743,2.5083175
2022-03-18,-11.819879,2.5707824
2022-03-21,-11.960172,2.093836
2022-03-22,-11.911844,2.2068744
2022-03-23,-11.768025,1.965874
2022-03-24,-12.131564,2.5314713
2022-03-25,-11.968571,2.5502088
2022-03-28,-12.147392,2.2540414
2022-03-29,-12.088027,2.1752172
2022-03-30,-11.610841,2.0871584
2022-03-31,-11.911939,2.5765238
2022-04-01,-11.915546,2.4865777
2022-04-04,-11.924287,2.3169024
2022-04-05,-11.916637,2.240028
2022-04-06,-11.671072,2.185258
2022-04-07,-11.506399,2.552585
2022-04-08,-11.663597,2.362054
2022-04-11,-11.666608,2.3466854
2022-04-12,-11.614454,2.263865
2022-04-13,-11.517359,2.2842362
2022-04-14,-11.164774,2.4174643
2022-04-15,-11.58438,2.2563093
2022-04-18,-11.492287,2.4004939
2022-04-19,-11.268983,2.2742598
2022-04-20,-11.284773,2.3205562
2022-04-21,-10.890201,2.2836022
2022-04-22,-11.466486,2.2523024
2022-04-25,-11.263435,2.3795304
2022-04-26,-10.971697,2.2048016
2022-04-27,-11.124257,2.3746023
2022-04-28,-10.869318,2.3570278
2022-04-29,-11.326288,2.1813304
2022-05-02,-10.892554,2.4071674
2022-05-03,-10.932053,2.2748573
2022-05-04,-11.28535,2.3504899
2022-05-05,-10.960033,2.4064853
2022-05-06,-11.324821,2.0983124
2022-05-09,-10.886197,2.416396
2022-05-10,-10.928873,2.1804013
2022-05-11,-11.308009,2.293513
2022-05-12,-10.877397,2.3730145
2022-05-13,-11.279868,2.021888
2022-05-16,-10.812938,2.3525724
2022-05-17,-10.866696,2.2046945
2022-05-18,-11.386853,2.348291
2022-05-19,-10.856286,2.3816004
2022-05-20,-11.229208,2.0497203
2022-05-23,-10.883106,2.385694
2022-05-24,-10.945374,2.2010233
2022-05-25,-11.404939,2.3815124
2022-05-26,-10.917689,2.2829087
2022-05-27,-11.265692,2.0586002
2022-05-31,-10.947612,2.4744868
2022-06-01,-10.925278,2.309691
2022-06-02,-11.35165,2.364488
2022-06-03,-11.095496,2.2552843
2022-06-06,-11.217014,2.0507421
2022-06-07,-10.936389,2.4497175
2022-06-08,-10.840474,2.3370254
2022-06-09,-11.284341,2.3728292
2022-06-10,-11.228547,2.305211
2022-06-13,-11.2229805,2.0054808
2022-06-14,-10.9013,2.3454561
2022-06-15,-10.773818,2.3569906
2022-06-16,-11.11961,2.4376776
2022-06-17,-11.23411,2.3096318
2022-06-21,-11.134217,1.9833809
2022-06-22,-10.947784,2.4384418
2022-06-23,-10.832419,2.4826772
2022-06-24,-11.213207,2.3292174
2022-06-27,-11.344009,2.3590548
2022-06-28,-10.979127,2.0158942
2022-06-29,-10.892687,2.4189286
2022-06-30,-10.828357,2.4954338
2022-07-01,-11.221578,2.3170578
2022-07-05,-11.28341,2.325945
2022-07-06,-10.995433,2.071317
2022-07-07,-10.867257,2.3757687
2022-07-08,-10.812112,2.5933757
2022-07-11,-11.189067,2.3858078
2022-07-12,-11.246949,2.287803
2022-07-13,-11.021361,2.1603553
2022-07-14,-10.869443,2.4276395
2022-07-15,-10.799329,2.5266528
2022-07-18,-11.046348,2.346783
2022-07-19,-11.190732,2.3229785
2022-07-20,-10.721137,2.105066
2022-07-21,-10.764924,2.3184829
2022-07-22,-10.897871,2.4827313
2022-07-25,-10.975782,2.3771784
2022-07-26,-11.2596245,2.3719366
2022-07-27,-10.771174,2.1061857
2022-07-28,-10.709095,2.2581928
2022-07-29,-10.999738,2.417156
2022-08-01,-11.091218,2.4479048
2022-08-02,-11.214776,2.2712739
2022-08-03,-11.003505,2.1608167
2022-08-04,-10.673758,2.274734
2022-08-05,-11.068354,2.384369
2022-08-08,-11.202712,2.4061086
2022-08-09,-10.953718,2.1933072
2022-08-10,-11.022284,2.267469
2022-08-11,-10.846,2.3730698
2022-08-12,-11.218478,2.357687
2022-08-15,-11.3289175,2.367527
2022-08-16,-11.29473,2.24617
2022-08-17,-11.158552,2.220884
2022-08-18,-10.789242,2.3381987
2022-08-19,-11.340916,2.3356714
2022-08-22,-11.272637,2.3680258
2022-08-23,-11.0837,2.2158716
2022-08-24,-11.237403,2.2075791
2022-08-25,-10.85435,2.3708394
2022-08-26,-11.382408,2.2802622
2022-08-29,-11.409601,2.3957398
2022-08-30,-11.216806,2.2419193
2022-08-31,-11.375637,2.2224002
2022-09-01,-11.014668,2.3847728
2022-09-02,-11.447672,2.2535503
2022-09-06,-11.61332,2.3852203
2022-09-07,-11.246231,2.1328168
2022-09-08,-11.375361,2.2476728
2022-09-09,-11.114413,2.3545618
2022-09-12,-11.470653,2.2591937
2022-09-13,-11.798269,2.3305466
2022-09-14,-11.1742735,2.0701866
2022-09-15,-11.283994,2.258446
2022-09-16,-11.041289,2.290554
2022-09-19,-11.345387,2.3212485
2022-09-20,-11.681465,2.3019152
2022-09-21,-11.187543,2.043446
2022-09-22,-11.182727,2.2877967
2022-09-23,-11.152622,2.2516441
2022-09-26,-11.447245,2.197607
2022-09-27,-11.36911,2.202811
2022-09-28,-11.159311,2.128878
2022-09-29,-11.085083,2.2411897
2022-09-30,-11.2883415,2.3057978
2022-10-03,-11.444852,2.1930397
2022-10-04,-11.366232,2.117282
2022-10-05,-11.491905,2.1284468
2022-10-06,-11.019593,2.2517583
2022-10-07,-11.256437,2.2641606
2022-10-11,-11.483146,2.159568
2022-10-12,-11.419648,2.040313
2022-10-13,-11.257602,2.111354
2022-10-14,-10.941876,2.3788288
2022-10-17,-11.388917,2.23947
2022-10-18,-11.403661,2.112489
2022-10-19,-11.362201,2.1608238
2022-10-20,-11.32698,2.0729632
2022-10-21,-11.048101,2.39168
2022-10-24,-11.339481,2.2134
2022-10-25,-11.463284,2.080121
2022-10-26,-11.215762,2.194461
2022-10-27,-11.371931,2.1994097
2022-10-28,-11.082776,2.316291
2022-10-31,-11.408364,2.1859405
2022-11-01,-11.456281,2.114975
2022-11-02,-11.201495,2.3003461
2022-11-03,-11.570623,2.2537751
2022-11-04,-11.277769,2.2390022
2022-11-07,-11.601319,2.1347086
2022-11-08,-11.566802,2.210287
2022-11-09,-11.107932,2.3143432
2022-11-10,-11.6056385,2.2567177
2022-11-14,-11.446103,2.2976255
2022-11-15,-11.825211,2.3648872
2022-11-16,-11.787712,2.1587713
2022-11-17,-11.281453,2.160224
2022-11-18,-11.46891,2.296831
2022-11-21,-11.345684,2.5054824
2022-11-22,-11.964081,2.3770146
2022-11-23,-11.76073,2.2430556
2022-11-25,-11.508561,2.2077343
2022-11-28,-11.53581,2.3323088
2022-11-29,-11.356361,2.4978728
2022-11-30,-12.151908,2.405246
2022-12-01,-11.849612,2.3922405
2022-12-02,-11.461716,2.2454326
2022-12-05,-11.5392,2.265294
2022-12-06,-11.283846,2.392163
2022-12-07,-11.975597,2.4668608
2022-12-08,-11.545739,2.3562434
2022-12-09,-11.38513,2.3937147
2022-12-12,-11.583998,2.3275492
2022-12-13,-11.159836,2.2827504
2022-12-14,-11.8206835,2.6018596
2022-12-15,-11.706587,2.403881
2022-12-16,-11.259445,2.2608595
2022-12-19,-11.492845,2.3883343
2022-12-20,-11.337821,2.2273529
2022-12-21,-11.6749115,2.5971172
2022-12-22,-11.813867,2.5078392
2022-12-23,-11.220051,2.2144086
2022-12-27,-11.447006,2.3362834
2022-12-28,-11.328932,2.2535477
2022-12-29,-11.739632,2.6659844
2022-12-30,-12.017152,2.4578614
2023-01-03,-11.287872,2.1859004
2023-01-04,-11.279132,2.3299646
2023-01-05,-11.424943,2.2714899
2023-01-06,-11.4711485,2.6417375
2023-01-09,-11.837771,2.3992572
2023-01-10,-11.410318,2.202203
2023-01-11,-11.246509,2.3339117
2023-01-12,-11.347798,2.2289438
2023-01-13,-11.484049,2.4980233
2023-01-17,-11.913777,2.4623685
2023-01-18,-11.386453,2.1124997
2023-01-19,-11.470421,2.369165
2023-01-20,-11.298996,2.2072995
2023-01-23,-11.408268,2.4696822
2023-01-24,-11.854142,2.533531
2023-01-25,-11.275862,2.1407323
2023-01-26,-11.494172,2.327117
2023-01-27,-11.438408,2.2210147
2023-01-30,-11.378902,2.5335455
2023-01-31,-11.871864,2.4763784
2023-02-01,-11.325073,2.1751478
2023-02-02,-11.551579,2.4029138
2023-02-03,-11.938736,2.298895
2023-02-06,-11.618109,2.4540029
2023-02-07,-12.029653,2.4361405
2023-02-08,-11.485635,2.114955
2023-02-09,-11.643908,2.298013
2023-02-10,-11.881437,2.3228972
2023-02-13,-11.533641,2.4541116
2023-02-14,-11.993517,2.4074254
2023-02-15,-11.764085,2.238399
2023-02-16,-11.94303,2.196999
2023-02-17,-11.656994,2.2949598
2023-02-21,-11.82024,2.3421874
2023-02-22,-12.01249,2.3407803
2023-02-23,-12.029154,2.2411273
2023-02-24,-11.76024,2.075936
2023-02-27,-11.617215,2.2590883
2023-02-28,-11.529177,2.459879
2023-03-01,-11.957074,2.3554099
2023-03-02,-11.944109,2.2101178
2023-03-03,-11.836667,2.0646756
2023-03-06,-11.648199,2.2112617
2023-03-07,-11.627606,2.3244438
2023-03-08,-11.783514,2.3287213
2023-03-09,-11.750366,2.1995184
2023-03-10,-11.802351,1.9658841
2023-03-13,-11.635073,2.2547114
2023-03-14,-11.551617,2.2555993
2023-03-15,-11.25472,2.2004726
2023-03-16,-11.406391,2.4219463
2023-03-17,-11.578166,2.0036619
2023-03-20,-11.391839,2.3389359
2023-03-21,-11.443561,2.3001704
2023-03-22,-11.189135,2.1904862
2023-03-23,-11.355827,2.3573275
2023-03-24,-11.6224785,2.128083
2023-03-27,-11.302406,2.3077133
2023-03-28,-11.320949,2.2329574
2023-03-29,-11.079501,2.2912152
2023-03-30,-11.212713,2.3848093
2023-03-31,-11.290178,2.165272
2023-04-03,-11.214137,2.316027
2023-04-04,-11.466232,2.334441
2023-04-05,-11.24456,2.3423116
2023-04-06,-11.142758,2.3643966
2023-04-07,-11.350177,2.2105963
2023-04-10,-11.381776,2.3065772
2023-04-11,-11.467975,2.2589166
2023-04-12,-11.150005,2.3667374
2023-04-13,-11.158785,2.3680103
2023-04-14,-11.355021,2.2306516
2023-04-17,-11.461008,2.417352
2023-04-18,-11.282243,2.2481782
2023-04-19,-11.224409,2.4270976
2023-04-20,-11.07303,2.3269613
2023-04-21,-11.381726,2.2918997
2023-04-24,-11.644786,2.4320495
2023-04-25,-11.398648,2.121869
2023-04-26,-11.262112,2.4103916
2023-04-27,-11.130175,2.2875648
2023-04-28,-11.39683,2.29588
2023-05-01,-11.812808,2.4793763
2023-05-02,-11.421775,2.077719
2023-05-03,-11.610477,2.3149323
2023-05-04,-11.310487,2.1692133
2023-05-05,-11.430086,2.3587818
2023-05-08,-11.790138,2.3953228
2023-05-09,-11.330667,2.0195103
2023-05-10,-11.7576065,2.286717
2023-05-11,-11.534016,2.2617218
2023-05-12,-11.559265,2.2771344
2023-05-15,-11.910169,2.3078074
2023-05-16,-11.512726,2.0197523
2023-05-17,-11.994724,2.3084927
2023-05-18,-11.525756,2.2050967
2023-05-19,-11.502965,2.1936603
2023-05-22,-11.878529,2.422457
2023-05-23,-11.453499,2.0239685
2023-05-24,-11.901069,2.2297437
2023-05-25,-11.369998,2.1534908
2023-05-26,-11.421551,2.171016
2023-05-30,-11.714131,2.4459743
2023-05-31,-11.346613,1.9262737
2023-06-01,-11.872651,2.186296
2023-06-02,-11.264018,2.2393336
2023-06-05,-11.468895,2.2828465
2023-06-06,-11.823747,2.4910502
2023-06-07,-11.487665,2.042723
2023-06-08,-11.822147,2.214812
2023-06-09,-11.401938,2.2060847
2023-06-12,-11.466091,2.2966185
2023-06-13,-11.695763,2.3598285
2023-06-14,-11.585833,2.0602677
2023-06-15,-11.8582325,2.2854629
2023-06-16,-11.576762,2.2667363
2023-06-20,-11.402574,2.2617838
2023-06-21,-11.406234,2.256503
2023-06-22,-11.510838,2.2109487
2023-06-23,-11.636101,2.3229284
2023-06-26,-11.479073,2.275048
2023-06-27,-11.279223,2.1546028
2023-06-28,-10.972666,2.192301
2023-06-29,-11.370284,2.3984404
2023-06-30,-11.600811,2.3472419
2023-07-03,-11.499451,2.2478611
2023-07-05,-11.409815,2.1549306
2023-07-06,-11.014954,2.1638603
2023-07-07,-11.412622,2.3900864
2023-07-10,-11.656162,2.3761587
2023-07-11,-11.433422,2.243789
2023-07-12,-11.275635,2.1650221
2023-07-13,-11.103563,2.2520504
2023-07-14,-11.436317,2.4664264
2023-07-17,-11.563435,2.2997842
2023-07-18,-11.377752,2.410414
2023-07-19,-11.21346,2.260383
2023-07-20,-11.10274,2.2180524
2023-07-21,-11.571065,2.4557657
2023-07-24,-11.769522,2.3310869
2023-07-25,-11.756534,2.296377
2023-07-26,-11.7041235,2.523006
2023-07-27,-10.959794,2.1295586
2023-07-28,-11.560027,2.439762
2023-07-31,-11.915138,2.500406
2023-08-01,-11.950661,2.1876407
2023-08-02,-11.4449215,2.1959739
2023-08-03,-10.930439,2.1431327
2023-08-04,-11.274376,2.4355185
2023-08-07,-11.736453,2.4962544
2023-08-08,-11.418537,2.1452713
2023-08-09,-11.184525,2.1194518
2023-08-10,-10.910135,2.2182026
2023-08-11,-11.276236,2.3918514
2023-08-14,-11.582742,2.4428484
2023-08-15,-11.0917425,2.0381184
2023-08-16,-11.296337,2.1256466
2023-08-17,-11.008542,2.2915928
2023-08-18,-11.307214,2.372517
2023-08-21,-11.727452,2.4267337
2023-08-22,-11.03338,2.0046012
2023-08-23,-11.428819,2.2046957
2023-08-24,-11.079487,2.3304842
2023-08-25,-11.340156,2.2812028
2023-08-28,-11.715945,2.3969417
2023-08-29,-10.879031,2.006702
2023-08-30,-11.414905,2.2244997
2023-08-31,-11.111454,2.3980038
2023-09-01,-11.373666,2.245025
2023-09-05,-11.588259,2.35582
2023-09-06,-10.814824,2.0053356
2023-09-07,-11.288278,2.2585073
2023-09-08,-10.920132,2.3000753
2023-09-11,-11.264498,2.227072
2023-09-12,-11.477653,2.4706867
2023-09-13,-10.826188,2.0106866
2023-09-14,-11.2134695,2.232003
2023-09-15,-10.964989,2.2619798
2023-09-18,-11.140241,2.204014
2023-09-19,-11.300852,2.5397058
2023-09-20,-10.759592,2.0943456
2023-09-21,-11.082196,2.1992133
2023-09-22,-11.222689,2.2812815
2023-09-25,-11.068786,2.2655003
2023-09-26,-11.2227545,2.459616
2023-09-27,-10.806753,2.1215868
2023-09-28,-11.040427,2.2021837
2023-09-29,-11.239121,2.3413377
2023-10-02,-11.043587,2.3918705
2023-10-03,-11.043521,2.3295588
2023-10-04,-10.941532,2.1372895
2023-10-05,-10.956622,2.2152066
2023-10-06,-11.120136,2.2945654
2023-10-10,-10.850268,2.4389749
2023-10-11,-11.123699,2.2865422
2023-10-12,-11.129771,2.190863
2023-10-13,-10.973239,2.207905
2023-10-16,-11.165505,2.3229587
2023-10-17,-10.791811,2.3417747
2023-10-18,-11.142347,2.2917304
2023-10-19,-11.258624,2.2072136
2023-10-20,-10.91057,2.2251272
2023-10-23,-10.878089,2.2893686
2023-10-24,-10.863547,2.3990188
2023-10-25,-11.198745,2.2913122
2023-10-26,-11.114779,2.2103322
2023-10-27,-10.797415,2.1761208
2023-10-30,-10.929542,2.3245077
2023-10-31,-10.952976,2.3740559
2023-11-01,-11.227682,2.2653635
2023-11-02,-11.233345,2.3252842
2023-11-03,-10.922204,2.1648188
2023-11-06,-11.075735,2.47236
2023-11-07,-11.065563,2.3775175
2023-11-08,-11.0685,2.238059
2023-11-09,-11.221178,2.2675502
2023-11-13,-10.914154,2.1599894
2023-11-14,-11.059517,2.5154843
2023-11-15,-10.975072,2.4163728
2023-11-16,-11.088002,2.331903
2023-11-17,-11.137659,2.2309403
2023-11-20,-10.866983,2.1749363
2023-11-21,-11.1277485,2.4173203
2023-11-22,-11.007801,2.3549309
2023-11-24,-10.854822,2.2862103
2023-11-27,-11.159079,2.240315
2023-11-28,-10.860221,2.2150724
2023-11-29,-11.181116,2.4843931
2023-11-30,-11.057178,2.3904657
2023-12-01,-10.980214,2.3069265
2023-12-04,-11.050962,2.3068254
2023-12-05,-11.003255,2.205834
2023-12-06,-11.3218355,2.5225809
2023-12-07,-11.056938,2.3822148
2023-12-08,-10.969573,2.263763
2023-12-11,-10.991561,2.292004
2023-12-12,-10.838607,2.150727
2023-12-13,-11.184206,2.5388381
2023-12-14,-11.178421,2.4037256
2023-12-15,-11.027011,2.2322114
2023-12-18,-10.968495,2.418828
2023-12-19,-10.924932,2.0707083
2023-12-20,-11.418452,2.5568445
2023-12-21,-11.279617,2.3329234
2023-12-22,-11.119856,2.2158663
2023-12-26,-11.281125,2.5385501
2023-12-27,-11.051934,2.0767117
2023-12-28,-11.359811,2.4932613
2023-12-29,-11.34955,2.519579
2024-01-02,-11.295636,2.2398658
2024-01-03,-11.411651,2.3653197
2024-01-04,-11.108279,2.1256313
2024-01-05,-11.240057,2.4905488
2024-01-08,-11.421398,2.5497766
2024-01-09,-11.380697,2.1625915
2024-01-10,-11.612784,2.3770342
2024-01-11,-11.2068815,2.1211371
2024-01-12,-11.262891,2.4854198
2024-01-16,-11.792709,2.478177
2024-01-17,-11.446897,2.038696
2024-01-18,-11.552373,2.434228
2024-01-19,-10.99523,2.0014105
2024-01-22,-11.199032,2.515049
2024-01-23,-11.419879,2.5642316
2024-01-24,-11.603314,2.1675642
2024-01-25,-11.623934,2.382592
2024-01-26,-11.0197115,1.9827515
2024-01-29,-11.120443,2.4065285
2024-01-30,-11.380853,2.398578
2024-01-31,-11.552742,2.3246663
2024-02-01,-11.604895,2.359992
2024-02-02,-11.194768,2.0590112
2024-02-05,-11.406658,2.4744365
2024-02-06,-11.5250845,2.4821117
2024-02-07,-11.81243,2.2917378
2024-02-08,-11.86881,2.3721383
2024-02-09,-11.3752575,2.0563166
2024-02-12,-11.460249,2.5821612
2024-02-13,-11.719943,2.468861
2024-02-14,-11.98814,2.1479144
2024-02-15,-11.828183,2.2302096
2024-02-16,-11.428129,2.0064216
2024-02-20,-11.569812,2.6228728
2024-02-21,-12.152095,2.4236014
2024-02-22,-12.154925,2.1476748
2024-02-23,-11.662817,2.0496047
2024-02-26,-11.62659,1.993044
2024-02-27,-11.8297205,2.5019608
2024-02-28,-12.156444,2.0730562
2024-02-29,-12.143737,2.0904043
2024-03-01,-11.784441,2.1386178
2024-03-04,-11.861184,1.9057988
2024-03-05,-12.12476,2.2355568
2024-03-06,-12.110251,2.0145707
2024-03-07,-12.347211,2.1044014
2024-03-08,-12.01568,2.2067523
2024-03-11,-11.887748,1.8997726
2024-03-12,-12.181892,2.1675725
2024-03-13,-12.103678,2.0847862
2024-03-14,-12.266932,2.1035848
2024-03-15,-12.279806,2.100271
2024-03-18,-12.069644,1.9111428
2024-03-19,-12.180137,2.0205636
2024-03-20,-12.299046,2.0585597
2024-03-21,-12.242744,2.0491335
2024-03-22,-12.207465,1.961697
2024-03-25,-11.962295,1.8808304
2024-03-26,-12.140131,2.0316517
2024-03-27,-12.288814,2.0102012
2024-03-28,-12.214588,1.97143
2024-03-29,-12.215989,1.9267074
2024-04-01,-11.957505,1.8935885
2024-04-02,-12.073498,1.9668474
2024-04-03,-12.295828,1.9836123
2024-04-04,-12.1809845,1.9498953
2024-04-05,-12.220041,1.9145808
2024-04-08,-12.048643,1.9650028
2024-04-09,-12.086939,1.9301629
2024-04-10,-12.298521,2.000332
2024-04-11,-12.181388,1.9374297
2024-04-12,-12.159552,1.9262197
2024-04-15,-12.050372,1.9904673
2024-04-16,-11.939459,1.9103315
2024-04-17,-12.234818,2.062427
2024-04-18,-12.044688,1.9230866
2024-04-19,-12.090702,1.9945502
2024-04-22,-11.960203,2.0420308
2024-04-23,-11.701867,1.9608312
2024-04-24,-12.070255,2.0954573
2024-04-25,-11.928393,1.9095086
2024-04-26,-11.9343,2.040536
2024-04-29,-11.874396,2.0651014
2024-04-30,-11.561281,2.0715
2024-05-01,-12.035444,2.1058564
2024-05-02,-11.781245,1.919021
2024-05-03,-11.8277445,2.1068928
2024-05-06,-11.912545,2.113026
2024-05-07,-11.276976,2.2000768
2024-05-08,-11.685193,2.1055145
2024-05-09,-11.740583,1.891242
2024-05-10,-11.82473,2.1221375
2024-05-13,-11.898857,2.1674
2024-05-14,-11.238114,2.235424
2024-05-15,-11.7399435,2.1236303
2024-05-16,-11.796963,1.9390064
2024-05-17,-11.692567,2.1295917
2024-05-20,-11.950417,2.1924577
2024-05-21,-11.202436,2.2513473
2024-05-22,-11.729342,2.2021403
2024-05-23,-11.699922,1.9098622
2024-05-24,-11.687913,2.1249783
2024-05-28,-11.973272,2.1981199
2024-05-29,-11.070927,2.123702
2024-05-30,-11.681461,2.250338
2024-05-31,-11.680127,1.9473699
2024-06-03,-11.778203,2.0140996
2024-06-04,-11.8388815,2.1041677
2024-06-05,-10.872922,2.1868103
2024-06-06,-11.270769,2.2564836
2024-06-07,-11.237815,2.0621147
2024-06-10,-11.990517,1.9052063
2024-06-11,-11.709524,2.175963
2024-06-12,-10.875897,2.3047013
2024-06-13,-11.3520565,2.222839
2024-06-14,-11.265236,2.0987387
2024-06-17,-12.308759,2.0663812
2024-06-18,-11.761584,2.122453
2024-06-20,-11.043007,2.3346941
2024-06-21,-10.989473,2.2805064
2024-06-24,-11.2180195,2.22881
2024-06-25,-12.68141,2.218573
2024-06-26,-11.648076,2.0629594
2024-06-27,-10.818251,2.249168
2024-06-28,-11.306043,2.3953154
2024-07-01,-11.05356,2.2839162
2024-07-02,-12.273964,2.1923156
2024-07-03,-11.257919,2.0734355
2024-07-05,-10.985555,2.1279178
2024-07-08,-11.529876,2.415969
2024-07-09,-11.036558,2.4732687
2024-07-10,-11.713443,2.1899521
2024-07-11,-10.985411,2.038466
2024-07-12,-11.113593,2.1547048
2024-07-15,-11.181345,2.5039687
2024-07-16,-11.031426,2.3602574
2024-07-17,-11.591899,2.1768055
2024-07-18,-10.897856,2.090241
2024-07-19,-11.089904,2.1181533
2024-07-22,-10.758373,2.4944036
2024-07-23,-10.880086,2.3719063
2024-07-24,-11.431712,2.1460626
2024-07-25,-10.9163685,2.1035638
2024-07-26,-11.114476,2.2383943
2024-07-29,-10.711469,2.3677177
2024-07-30,-11.124916,2.2462716
2024-07-31,-11.422651,2.2084746
2024-08-01,-11.037244,2.1815548
2024-08-02,-11.108479,2.184844
2024-08-05,-10.985802,2.4150605
2024-08-06,-10.951694,2.2973418
2024-08-07,-11.142362,2.1405666
2024-08-08,-11.033007,2.175508
2024-08-09,-11.267199,2.2290182
2024-08-12,-11.132522,2.386244
2024-08-13,-11.030592,2.26386
2024-08-14,-11.185903,2.1114469
2024-08-15,-11.12119,2.2293348
2024-08-16,-11.125977,2.182948
2024-08-19,-11.168608,2.3922482
2024-08-20,-11.24138,2.1992552
2024-08-21,-11.066635,2.1043665
2024-08-22,-10.900297,2.2831588
2024-08-23,-11.1378145,2.1820614
2024-08-26,-11.122474,2.349833
2024-08-27,-11.29799,2.2467535
2024-08-28,-11.034341,2.0736234
2024-08-29,-10.846197,2.2643123
2024-08-30,-11.157633,2.2383854
2024-09-03,-11.049505,2.3316853
2024-09-04,-11.15944,2.1332746
2024-09-05,-10.998179,2.084117
2024-09-06,-10.875777,2.3075924
2024-09-09,-11.071062,2.2658978
2024-09-10,-10.952959,2.2868466
2024-09-11,-11.100279,2.1352694
2024-09-12,-10.929891,2.1239069
2024-09-13,-10.897577,2.2526057
2024-09-16,-11.100378,2.2958086
2024-09-17,-11.060893,2.2832813
2024-09-18,-11.179473,2.1290987
2024-09-19,-11.001482,2.1692903
2024-09-20,-10.9870825,2.2709553
2024-09-23,-11.120415,2.3284166
2024-09-24,-11.150252,2.287129
2024-09-25,-11.32246,2.188984
2024-09-26,-10.952062,2.1451335
2024-09-27,-11.110565,2.3032942
2024-09-30,-11.172643,2.3976338
2024-10-01,-11.085073,2.2188947
2024-10-02,-11.3127365,2.154393
2024-10-03,-10.989807,2.254204
2024-10-04,-11.229028,2.341524
2024-10-07,-11.075542,2.3987086
2024-10-08,-11.028055,2.1726053
2024-10-09,-11.303525,2.1183267
2024-10-10,-10.884048,2.212986
2024-10-11,-11.225794,2.380356
2024-10-15,-11.200939,2.4282472
2024-10-16,-10.90266,2.0822697
2024-10-17,-11.200979,2.123372
2024-10-18,-10.74443,2.2250655
2024-10-21,-11.427168,2.4501867
2024-10-22,-11.443168,2.4916377
2024-10-23,-10.89352,1.9466478
2024-10-24,-11.201789,2.0972245
2024-10-25,-10.858733,2.2763035
2024-10-28,-11.5497875,2.5569267
2024-10-29,-11.722379,2.2905693
2024-10-30,-10.979202,1.896171
2024-10-31,-11.392721,2.1612213
2024-11-01,-10.833416,2.355057
2024-11-04,-11.643819,2.4885006
2024-11-05,-11.824763,2.2495759
2024-11-06,-11.519159,1.9780962
2024-11-07,-11.421684,2.0965586
2024-11-08,-11.051237,2.4468153
2024-11-12,-12.026131,3.0002666
2024-11-13,-11.409639,2.0575576
2024-11-14,-11.1570215,2.0845332
2024-11-15,-11.290373,2.1450322
2024-11-18,-10.80005,2.4851234
2024-11-19,-11.767766,2.6361885
2024-11-20,-11.100459,1.9087694
2024-11-21,-11.027856,2.1063719
2024-11-22,-11.123499,2.1007261
2024-11-25,-10.832064,2.5106778
2024-11-26,-11.669432,2.354625
2024-11-27,-10.685333,1.8596314
2024-11-29,-10.876825,2.1558554
2024-12-02,-11.0804615,2.1256897
2024-12-03,-10.856191,2.3931968
2024-12-04,-11.250308,2.3156545
2024-12-05,-10.626308,1.9564505
2024-12-06,-11.055476,2.290988
2024-12-09,-10.924245,2.1986961
2024-12-10,-10.95487,2.4775603
2024-12-11,-11.307849,2.3227212
2024-12-12,-10.704719,1.9268892
2024-12-13,-11.140909,2.3178835
2024-12-16,-10.998502,2.2064505
2024-12-17,-11.162654,2.4614732
2024-12-18,-11.5477,2.186544
2024-12-19,-10.975459,1.9495438
2024-12-20,-11.109251,2.3390908
2024-12-23,-11.225488,2.2152312
2024-12-24,-11.076173,2.3989422
2024-12-26,-10.926837,2.1671014
2024-12-27,-10.935158,2.0147665
2024-12-30,-11.105859,2.2851713
2024-12-31,-11.020593,2.2299812
2025-01-02,-11.060459,2.4109087
2025-01-03,-10.481123,2.2337205
2025-01-06,-10.872781,2.0701888
2025-01-07,-10.9131155,2.252487
2025-01-08,-10.991529,2.4802785
2025-01-09,-10.79188,2.2484949
2025-01-10,-10.825482,2.165086
2025-01-13,-10.819399,2.3170605
2025-01-14,-10.870765,2.206517
2025-01-15,-10.862888,2.535117
2025-01-16,-10.740081,2.251692
2025-01-17,-10.903886,2.1662333
2025-01-21,-10.974254,2.2347348
2025-01-22,-10.899411,2.252894
2025-01-23,-11.085738,2.510188
2025-01-24,-10.939735,2.1862743
2025-01-27,-11.165813,2.226857
2025-01-28,-11.02864,2.1559923
2025-01-29,-10.983322,2.2467217
2025-01-30,-11.113199,2.455667
2025-01-31,-10.996609,2.1813369
2025-02-03,-11.116922,2.2922935
2025-02-04,-11.102227,2.1058655
2025-02-05,-10.848499,2.1435156
2025-02-06,-10.96417,2.5077069
2025-02-07,-10.941961,2.2773128
2025-02-10,-11.05836,2.2394953
2025-02-11,-10.95773,2.1628442
2025-02-12,-10.879473,2.1905181
2025-02-13,-10.717033,2.5070581
2025-02-14,-10.938938,2.2449257
2025-02-18,-10.883363,2.26674
2025-02-19,-11.0051155,2.1892018
2025-02-20,-11.059565,2.1923316
2025-02-21,-10.760226,2.4524171
2025-02-24,-11.004271,2.3806965
2025-02-25,-10.92258,2.2266004
2025-02-26,-11.090024,2.2479987
2025-02-27,-11.093116,2.1879733
2025-02-28,-10.689319,2.3859055
2025-03-03,-10.946244,2.3980422
2025-03-04,-11.100783,2.2373917
2025-03-05,-11.062644,2.1900387
2025-03-06,-10.931059,2.183812
2025-03-07,-10.7036,2.3353665
2025-03-10,-11.0052805,2.4883575
2025-03-11,-11.134029,2.166658
2025-03-12,-10.930733,2.150444
2025-03-13,-10.95547,2.284633
2025-03-14,-10.853782,2.249743
2025-03-17,-11.071703,2.4331388
2025-03-18,-11.265836,2.2524605
2025-03-19,-11.038332,2.179417
2025-03-20,-10.947163,2.274222
2025-03-21,-10.950136,2.199998
2025-03-24,-10.947493,2.4805996
2025-03-25,-11.072218,2.2134051
2025-03-26,-11.103138,2.253397
2025-03-27,-10.90286,2.327667
2025-03-28,-11.110906,2.2252223
2025-03-31,-11.063948,2.5400784
2025-04-01,-11.199439,2.1738904
2025-04-02,-11.167204,2.2676702
2025-04-03,-10.96471,2.3067355
2025-04-04,-11.151819,2.2394495
2025-04-07,-11.385515,2.365347
2025-04-08,-10.819764,1.9907295
2025-04-09,-11.024182,2.3054128
2025-04-10,-10.961761,2.233434
2025-04-11,-11.222068,2.3182032
2025-04-14,-11.302827,2.4425485
2025-04-15,-10.750319,2.044699
2025-04-16,-11.151289,2.315375
2025-04-17,-10.829508,2.2486644
2025-04-18,-11.197148,2.3016636
2025-04-21,-11.372119,2.4379392
2025-04-22,-10.867421,2.12225
2025-04-23,-11.136651,2.2921526
2025-04-24,-10.98798,2.25807
2025-04-25,-11.217082,2.3729346
2025-04-28,-11.620695,2.3327706
2025-04-29,-10.84911,2.1422744
2025-04-30,-11.213911,2.3322797
2025-05-01,-11.175119,2.2708
2025-05-02,-11.294332,2.384092
2025-05-05,-11.639258,2.2889438
2025-05-06,-10.9270315,2.1967165
2025-05-07,-11.254469,2.435701
2025-05-08,-11.254845,2.2390325
2025-05-09,-11.290384,2.3730905
2025-05-12,-11.851075,2.3088934
2025-05-13,-10.986712,2.149478
2025-05-14,-11.203949,2.4859805
2025-05-15,-11.376298,2.159393
2025-05-16,-11.281966,2.36014
2025-05-19,-12.0145235,2.4253988
2025-05-20,-10.986987,2.1387563
2025-05-21,-11.216278,2.5301027
2025-05-22,-11.266535,2.1883605
2025-05-23,-11.282032,2.3923278
2025-05-27,-12.125715,2.4345195
2025-05-28,-11.109335,2.2489367
2025-05-29,-11.229507,2.543233
2025-05-30,-11.381233,2.245838
2025-06-02,-11.277126,2.3907065
2025-06-03,-12.075976,2.4646008
2025-06-04,-11.728079,2.4524388
2025-06-05,-11.519357,2.606056
2025-06-06,-11.500961,2.3321383
2025-06-09,-11.370505,2.3609898
2025-06-10,-12.262761,2.3139875
2025-06-11,-12.056099,2.4045184
2025-06-12,-11.729168,2.5788867
2025-06-13,-11.892129,2.328362
2025-06-16,-11.616277,2.31355
2025-06-17,-12.250405,2.175718
2025-06-18,-12.291844,2.4609647
2025-06-20,-11.948694,2.6961467
2025-06-23,-11.958963,2.2008882
2025-06-24,-11.797464,2.1542087
2025-06-25,-12.3170185,2.187305
2025-06-26,-12.4373455,2.3936217
2025-06-27,-11.831535,2.5014465
2025-06-30,-12.047654,2.2316022
2025-07-01,-11.676804,2.0147092
2025-07-02,-12.375778,2.2260363
2025-07-03,-12.556986,2.4400337
2025-07-07,-11.934794,2.2877922
2025-07-08,-12.107798,2.205418
2025-07-09,-11.822549,2.0593588
2025-07-10,-12.274734,2.1515443
2025-07-11,-12.515046,2.41054
2025-07-14,-11.947182,2.359978
2025-07-15,-12.227911,2.2864776
2025-07-16,-11.894459,2.054457
2025-07-17,-12.107563,2.0632937
2025-07-18,-12.490417,2.3437297
2025-07-21,-12.173042,2.2581813
2025-07-22,-12.2678385,2.2212746
2025-07-23,-12.0035305,2.0349455
2025-07-24,-12.077767,2.0167634
2025-07-25,-12.395615,2.1798794
2025-07-28,-12.387584,2.2480173
2025-07-29,-12.383131,2.1587548
2025-07-30,-12.097148,2.0474877
2025-07-31,-12.138951,1.9981503
2025-08-01,-12.057544,2.0667741
2025-08-04,-12.505007,2.251658
2025-08-05,-12.463996,2.1356719
2025-08-06,-12.053857,2.0004673
2025-08-07,-12.15623,1.9816442
2025-08-08,-12.058802,2.042594
2025-08-11,-12.562379,2.2593765
2025-08-12,-12.3840885,2.092685
2025-08-13,-12.150015,2.0243692
2025-08-14,-12.212561,2.0655308
2025-08-15,-11.842318,1.9722081
2025-08-18,-12.426353,2.205716
2025-08-19,-12.323143,2.1560826
2025-08-20,-12.147047,2.074114
2025-08-21,-12.0432825,2.1079576
2025-08-22,-11.831769,1.9947355
2025-08-25,-12.51584,2.2374327
2025-08-26,-12.371148,2.1936576
2025-08-27,-12.135378,2.0870605
2025-08-28,-11.937668,2.045136
2025-08-29,-11.741349,2.019394
2025-09-02,-12.370075,2.2288985
2025-09-03,-12.456554,2.1399326
2025-09-04,-12.118125,2.1792347
2025-09-05,-11.867335,2.0497487
2025-09-08,-11.761233,2.0519934
2025-09-09,-12.44769,2.2377422
2025-09-10,-12.4210415,2.1420107
2025-09-11,-12.159942,2.2090976
2025-09-12,-12.090682,2.0424845
2025-09-15,-12.040581,2.316576
2025-09-16,-12.410241,2.22218
2025-09-17,-12.515438,2.1473339
2025-09-18,-12.008515,2.153509
2025-09-19,-11.956466,1.9902651
2025-09-22,-12.373381,2.4639912
2025-09-23,-12.291563,2.1504827
2025-09-24,-12.468707,2.1692295
2025-09-25,-11.960361,2.1534643
2025-09-26,-11.879993,2.0231302
2025-09-29,-12.492889,2.2342062
2025-09-30,-12.184657,2.0837555
2025-10-01,-12.243766,2.1546283
2025-10-02,-12.072548,2.0871437
2025-10-03,-11.941212,1.9926066
2025-10-06,-12.40833,2.2219365
2025-10-07,-12.185541,2.0653276
2025-10-08,-12.180354,2.1821442
2025-10-09,-12.084714,2.0592415
2025-10-10,-11.962488,1.9082556
2025-10-14,-12.387738,2.1519094
2025-10-15,-12.18859,2.0523841
2025-10-16,-12.338964,2.212895
2025-10-17,-12.108412,2.0402906
2025-10-20,-12.063438,1.9003415
2025-10-21,-12.331554,2.09107
2025-10-22,-12.101442,2.0364475
2025-10-23,-12.191462,2.1047812
2025-10-24,-12.14604,2.031216
2025-10-27,-12.19273,1.9156479
2025-10-28,-12.367041,2.0443103
2025-10-29,-12.226237,2.0038767
2025-10-30,-12.288021,2.119006
2025-10-31,-12.171288,1.9473345
2025-11-03,-12.22942,1.9806122
2025-11-04,-12.371783,1.9965562
2025-11-05,-12.170575,1.9525058
2025-11-06,-12.325449,2.1150236
2025-11-07,-12.163315,1.944494
2025-11-10,-12.160976,1.9570882
2025-11-12,-12.256502,1.9223979
2025-11-13,-12.251178,2.0100274
2025-11-14,-12.322545,2.118854
2025-11-17,-12.152869,1.9421191
2025-11-18,-12.232007,1.981619
2025-11-19,-12.247572,1.9139596
2025-11-20,-12.3109045,2.0533364
2025-11-21,-12.31099,2.1047266
2025-11-24,-12.180315,1.9258488
2025-11-25,-12.269534,1.9852837
2025-11-26,-12.246919,1.9293332
2025-11-28,-12.3421135,2.0709932
2025-12-01,-12.442271,2.090947
2025-12-02,-12.240924,1.9285222
2025-12-03,-12.274178,2.0036557
2025-12-04,-12.317399,1.9430882
2025-12-05,-12.402739,2.091417
2025-12-08,-12.448866,2.0714693
2025-12-09,-12.25111,1.9490465
2025-12-10,-12.321829,2.0796156
2025-12-11,-12.288135,1.9126648
2025-12-12,-12.544641,2.0764697
2025-12-15,-12.444043,2.0737371
2025-12-16,-12.246819,1.8966298
2025-12-17,-12.364745,2.0956113
2025-12-18,-12.3373165,1.9635937
2025-12-19,-12.627493,2.0882947
2025-12-22,-12.418909,2.0679152
2025-12-23,-12.24352,1.9040536
2025-12-24,-12.414872,2.0868585
2025-12-26,-12.304009,1.9870418
2025-12-29,-12.757847,2.1704178
2025-12-30,-12.421982,2.1018395
2025-12-31,-12.324399,1.9498621
2026-01-02,-12.392135,2.0605204
2026-01-05,-12.401744,2.0493147
2026-01-06,-12.908728,2.1585217
2026-01-07,-12.513094,2.0778136
2026-01-08,-12.33736,1.9706863
2026-01-09,-12.495153,2.0817885
2026-01-12,-12.506292,2.1237144
2026-01-13,-12.81238,2.0751238
2026-01-14,-12.4373865,2.0475285
2026-01-15,-12.336358,1.9845256
2026-01-16,-12.527384,2.0621758
2026-01-20,-12.45865,2.0722778
2026-01-21,-12.722528,2.023054
2026-01-22,-12.416461,2.0571222
2026-01-23,-12.398125,2.0218043
2026-01-26,-12.5420475,2.1027863
2026-01-27,-12.453143,2.0295696
2026-01-28,-12.76794,2.076395
2026-01-29,-12.367787,2.0570078
2026-01-30,-12.269527,2.0030339
2026-02-02,-12.467904,2.1128206
2026-02-03,-12.442083,2.052283
2026-02-04,-12.816986,2.1050534
2026-02-05,-12.313205,2.0489058
2026-02-06,-12.162809,1.9973392
2026-02-09,-12.44296,2.0698273
2026-02-10,-12.560436,2.1334038
2026-02-11,-12.65635,2.1448853
2026-02-12,-12.224281,1.9753661
2026-02-13,-12.240184,2.1076612
2026-02-17,-12.37721,2.0953398
2026-02-18,-12.54702,2.1128948
2026-02-19,-12.603437,2.13455
2026-02-20,-12.256041,1.9480788
2026-02-23,-12.310896,2.084303
2026-02-24,-12.225217,2.03578
2026-02-25,-12.553004,2.1769474
2026-02-26,-12.544704,2.134723
2026-02-27,-12.184493,1.915434
2026-03-02,-12.151863,2.0714412
2026-03-03,-12.313531,2.0179334
2026-03-04,-12.344698,2.272211
2026-03-05,-12.355334,2.2242875
2026-03-06,-12.093302,1.9890937
2026-03-09,-11.941742,2.1277616
2026-03-10,-11.765585,2.0831113
2026-03-11,-12.052435,2.428463
2026-03-12,-12.268298,2.4463778
2026-03-13,-11.845668,1.9585407
2026-03-16,-11.64373,2.1215608
2026-03-17,-11.159095,2.165599
2026-03-18,-11.713664,2.4819314
2026-03-19,-11.636777,2.7196372
2026-03-20,-11.384675,1.9309484
2026-03-23,-11.461385,2.1638982
2026-03-24,-11.090604,2.1562736
2026-03-25,-11.638602,2.4844866
2026-03-26,-11.0164585,2.5236454
2026-03-27,-11.263514,1.9956726
